API_WELL_NUMBER,WELL_TYPE_CODE,WELL_NAME,COMPANY_NAME,BOREHOLE_STAT_DT,BH_TOTAL_MD
4.27054E+11,D, C008,"Arena Offshore, LP",5/7/03,10700
1.77154E+11,D, X002,"Arena Offshore, LP",6/15/03,16626
1.77154E+11,D,CA007,"Arena Offshore, LP",4/17/03,20058
1.7715E+11,D, S002,"Arena Offshore, LP",2/3/03,11905
1.77094E+11,D, J001,"Arena Offshore, LP",5/6/12,9630
1.77154E+11,D, A019,"Arena Offshore, LP",6/8/02,11831
1.77154E+11,D, A008,"Arena Offshore, LP",6/3/02,16703
1.77094E+11,D, C009,"Arena Offshore, LP",11/28/83,11060
1.77154E+11,D, S014,"Arena Offshore, LP",3/11/02,9530
1.77104E+11,D, C006,"Arena Offshore, LP",6/17/14,6640
1.77094E+11,D, A007,"Arena Offshore, LP",8/20/01,10256
1.77154E+11,D, B009,"Arena Offshore, LP",3/17/01,13345
1.77254E+11,D, A005,"Arena Offshore, LP",8/18/00,8552
1.77154E+11,D, P013,"Arena Offshore, LP",10/5/10,11030
1.77154E+11,D, I002,"Arena Offshore, LP",7/6/00,12775
1.77184E+11,D,AA004,"Arena Offshore, LP",2/2/04,7750
1.77154E+11,D, A003,"Arena Offshore, LP",10/2/14,8245
1.77154E+11,D, W003,"Arena Offshore, LP",9/11/99,14272
1.77154E+11,D, A011,"Arena Offshore, LP",8/9/99,10641
1.77154E+11,D, A002,"Arena Offshore, LP",8/24/99,13060
1.77104E+11,D, C001,"Arena Offshore, LP",8/10/13,9765
1.77094E+11,D, A001,"Arena Offshore, LP",6/9/99,13826
1.77154E+11,D, D018,"Arena Offshore, LP",1/17/11,13997
1.77174E+11,E, A004,"Arena Offshore, LP",5/31/16,4556
1.77094E+11,D,40,"Arena Offshore, LP",6/18/97,12300
1.77024E+11,D, A005,"Arena Offshore, LP",4/15/11,11820
1.77094E+11,D, C010,"Arena Offshore, LP",9/26/07,11450
1.77154E+11,D,7,"Arena Offshore, LP",10/11/14,11460
1.7715E+11,D, I001,"Arena Offshore, LP",8/9/97,12834
1.77154E+11,D, C013,"Arena Offshore, LP",1/18/04,12288
1.77152E+11,D, J002,"Arena Offshore, LP",1/23/01,7680
1.77254E+11,E,CA003,"Arena Offshore, LP",5/3/14,4008
1.77184E+11,E,6,"Arena Offshore, LP",12/14/92,16641
1.77104E+11,E,1,"Arena Offshore, LP",10/2/09,8482
1.77094E+11,D, A012,"Arena Offshore, LP",4/17/90,14713
1.77094E+11,D, A001,"Arena Offshore, LP",9/27/96,12679
1.77094E+11,D, G009,"Arena Offshore, LP",11/25/04,14168
1.7709E+11,D, C016,"Arena Offshore, LP",3/8/04,10100
1.7715E+11,D, B013,"Arena Offshore, LP",5/3/84,10282
1.77104E+11,E,10,"Arena Offshore, LP",8/10/76,5987
1.77094E+11,D, C007,"Arena Offshore, LP",4/3/11,13277
1.77184E+11,E, A007,"Arena Offshore, LP",5/20/13,14650
1.77154E+11,D, Q012,"Arena Offshore, LP",5/1/98,18180
1.77154E+11,D,22,"Arena Offshore, LP",12/23/97,8755
1.77224E+11,D, A001,"Arena Offshore, LP",4/17/09,9605
1.77224E+11,D, A004,"Arena Offshore, LP",1/27/07,8210
1.77094E+11,D, H015,"Arena Offshore, LP",12/13/97,13620
1.77154E+11,D,20,"Arena Offshore, LP",4/26/97,5150
1.77094E+11,D, I006,"Arena Offshore, LP",10/21/06,13478
1.77154E+11,D, B017,"Arena Offshore, LP",10/25/92,11448
1.77154E+11,D, S014,"Arena Offshore, LP",2/19/02,12433
4.27094E+11,D,JA001,"Arena Offshore, LP",7/12/07,10186
1.77154E+11,D, C011,"Arena Offshore, LP",12/20/03,11976
1.77154E+11,D, A004,"Arena Offshore, LP",10/26/92,10758
1.77094E+11,D, G007,"Arena Offshore, LP",5/23/15,12457
1.77094E+11,E, A004,"Arena Offshore, LP",7/26/14,14900
1.77154E+11,D, H001,"Arena Offshore, LP",8/28/96,16216
4.27084E+11,E, C001,Fieldwood Energy Offshore LLC,6/7/15,14241
1.77154E+11,D, A003,Fieldwood Energy Offshore LLC,11/9/00,14988
1.77214E+11,D, G019,Fieldwood Energy Offshore LLC,9/30/00,8495
1.77124E+11,D, D012,Fieldwood Energy Offshore LLC,2/28/13,12444
1.77054E+11,E, A001,Fieldwood Energy Offshore LLC,6/29/01,14798
4.27094E+11,D, A005,Fieldwood Energy Offshore LLC,10/6/00,13300
1.77014E+11,E,2,Fieldwood Energy Offshore LLC,11/5/15,12148
1.77214E+11,D, C040,Fieldwood Energy Offshore LLC,5/6/02,14597
1.77214E+11,D, A010,Fieldwood Energy Offshore LLC,1/15/12,13813
4.27094E+11,D, B002,Fieldwood Energy Offshore LLC,5/21/17,11107
1.77024E+11,D, A004,Fieldwood Energy Offshore LLC,1/10/00,15585
1.77192E+11,D, B018,Fieldwood Energy Offshore LLC,11/20/13,16395
1.77212E+11,E,10,Fieldwood Energy Offshore LLC,1/26/70,6421
1.77194E+11,D,4,Fieldwood Energy Offshore LLC,8/9/13,3500
1.77214E+11,D, D025,Fieldwood Energy Offshore LLC,12/27/98,11407
1.77054E+11,E,1,Fieldwood Energy Offshore LLC,3/2/99,15201
1.77214E+11,D, C014,Fieldwood Energy Offshore LLC,3/19/81,10117
1.77084E+11,D, C004,Fieldwood Energy Offshore LLC,8/31/98,7175
4.27114E+11,D, A016,Fieldwood Energy Offshore LLC,7/15/17,4820
1.77214E+11,D, G025,Fieldwood Energy Offshore LLC,6/27/00,5440
6.08114E+11,D,TA003,Fieldwood Energy Offshore LLC,8/31/17,17050
1.77124E+11,D, D005,Fieldwood Energy Offshore LLC,11/27/05,7210
1.77212E+11,D, C001,Fieldwood Energy Offshore LLC,6/14/99,12926
1.77194E+11,D, A010,Fieldwood Energy Offshore LLC,8/7/12,14600
4.27094E+11,D, A002,Fieldwood Energy Offshore LLC,3/3/96,13860
1.77192E+11,D, C026,Fieldwood Energy Offshore LLC,5/24/79,12940
1.7719E+11,D, A001,Fieldwood Energy Offshore LLC,3/19/10,15216
1.77024E+11,D, B001,Fieldwood Energy Offshore LLC,3/25/90,10794
1.77024E+11,D, A004,Fieldwood Energy Offshore LLC,4/13/90,11794
1.77064E+11,D, A012,Fieldwood Energy Offshore LLC,2/14/99,7108
1.77114E+11,D,10,Fieldwood Energy Offshore LLC,7/31/09,8360
1.77214E+11,D, C040,Fieldwood Energy Offshore LLC,10/29/99,15200
1.77234E+11,D, A016,Fieldwood Energy Offshore LLC,1/14/10,7536
1.7723E+11,D,5,Fieldwood Energy Offshore LLC,9/3/70,9218
1.77214E+11,E, B018,Fieldwood Energy Offshore LLC,12/27/94,11348
1.77214E+11,D, G009,Fieldwood Energy Offshore LLC,8/14/86,6180
1.77214E+11,D, E025,Fieldwood Energy Offshore LLC,8/24/84,11005
1.77214E+11,D, C040,Fieldwood Energy Offshore LLC,3/11/91,7615
1.77254E+11,D,3,Fieldwood Energy Offshore LLC,9/25/08,7500
6.08114E+11,D, A044,Fieldwood Energy Offshore LLC,12/11/13,13130
1.77044E+11,D, B006,Fieldwood Energy Offshore LLC,10/6/09,7939
1.77114E+11,D,7,Fieldwood Energy Offshore LLC,4/8/05,8605
1.77212E+11,E,13,Fieldwood Energy Offshore LLC,2/27/70,4886
4.27114E+11,D, A017,Fieldwood Energy Offshore LLC,7/12/17,12720
1.77124E+11,D, A003,Fieldwood Energy Offshore LLC,1/15/13,11417
1.77074E+11,E, B001,Fieldwood Energy Offshore LLC,3/21/98,11420
4.27114E+11,D, A015,Fieldwood Energy Offshore LLC,7/15/17,11759
1.77044E+11,E, A016,Fieldwood Energy Offshore LLC,10/2/99,18454
4.27114E+11,D, A006,Fieldwood Energy Offshore LLC,7/16/17,10339
1.77114E+11,D, C001,Fieldwood Energy Offshore LLC,1/6/07,13537
6.08114E+11,D, A033,Fieldwood Energy Offshore LLC,5/23/97,14047
6.08114E+11,D, A040,Fieldwood Energy Offshore LLC,6/9/99,15402
1.77124E+11,D, D004,Fieldwood Energy Offshore LLC,4/28/78,14234
1.77114E+11,D, H012,"Energy XXI GOM, LLC",4/18/14,16115
1.7719E+11,D, F011,"Energy XXI GOM, LLC",9/8/00,11083
1.77114E+11,D, H011,"Energy XXI GOM, LLC",3/11/00,14627
1.77104E+11,D, A016,"Energy XXI GOM, LLC",1/25/00,5035
6.08174E+11,D, A017,"Energy XXI GOM, LLC",3/12/08,15810
1.77174E+11,D, R024,"Energy XXI GOM, LLC",5/12/12,6893
1.77154E+11,E,125,"Energy XXI GOM, LLC",1/26/00,14005
1.77114E+11,D, I010,"Energy XXI GOM, LLC",1/1/00,12251
1.77054E+11,D, M004,"Energy XXI GOM, LLC",11/5/99,10697
1.77224E+11,D, C016,"Energy XXI GOM, LLC",8/18/99,13259
1.7719E+11,D, C001,"Energy XXI GOM, LLC",7/3/99,8852
1.7717E+11,D, R008,"Energy XXI GOM, LLC",5/5/78,8611
1.77224E+11,D, C015,"Energy XXI GOM, LLC",7/13/06,14790
1.77254E+11,D, B010,"Energy XXI GOM, LLC",8/4/13,9828
1.77224E+11,D, A018,"Energy XXI GOM, LLC",5/30/99,11290
1.77194E+11,D,15,"Energy XXI GOM, LLC",4/14/99,10521
1.77074E+11,D, C010,"Energy XXI GOM, LLC",8/19/96,14720
6.08174E+11,D, A006,"Energy XXI GOM, LLC",2/7/08,17494
1.77154E+11,D, F004,"Energy XXI GOM, LLC",2/28/04,14405
1.7709E+11,D, B006,"Energy XXI GOM, LLC",4/24/97,8679
1.7719E+11,D,1,"Energy XXI GOM, LLC",6/21/74,12001
1.7719E+11,D, N014,"Energy XXI GOM, LLC",5/9/76,6190
1.77004E+11,D, A005,"Energy XXI GOM, LLC",12/2/10,6755
1.7717E+11,D, W004,"Energy XXI GOM, LLC",9/9/89,10937
1.77152E+11,D, D011,"Energy XXI GOM, LLC",9/23/11,14390
1.77152E+11,D,10,"Energy XXI GOM, LLC",6/23/71,13435
1.77004E+11,D,7,"Energy XXI GOM, LLC",4/7/99,9168
1.77174E+11,D, W034,"Energy XXI GOM, LLC",12/12/98,12025
1.77154E+11,D,115,"Energy XXI GOM, LLC",7/1/98,11781
1.77224E+11,D, B028,"Energy XXI GOM, LLC",5/13/98,11045
1.77154E+11,D, E019,"Energy XXI GOM, LLC",5/17/80,14208
1.77094E+11,E,2,"Energy XXI GOM, LLC",8/24/71,14000
1.77154E+11,D, F006,"Energy XXI GOM, LLC",8/18/91,13320
1.77194E+11,D, G001,"Energy XXI GOM, LLC",2/16/87,14900
1.77194E+11,D, E022,"Energy XXI GOM, LLC",10/25/83,12523
1.77194E+11,D, E021,"Energy XXI GOM, LLC",8/20/83,10400
1.77194E+11,D, T029,"Energy XXI GOM, LLC",7/9/01,4007
1.77194E+11,D, T022,"Energy XXI GOM, LLC",4/18/78,5440
1.7719E+11,D, T007,"Energy XXI GOM, LLC",5/31/89,4333
1.7719E+11,D, P021,"Energy XXI GOM, LLC",10/4/88,5370
1.7719E+11,D, P010,"Energy XXI GOM, LLC",12/10/80,6120
1.7715E+11,D, B019,"Energy XXI GOM, LLC",2/10/69,11378
1.77154E+11,D, G002,"Energy XXI GOM, LLC",10/11/93,5549
1.7715E+11,D, F011,"Energy XXI GOM, LLC",6/15/14,10330
1.7715E+11,D,66,"Energy XXI GOM, LLC",10/1/06,14000
1.7711E+11,D, A005,"Energy XXI GOM, LLC",5/30/62,6685
1.7711E+11,E,2,"Energy XXI GOM, LLC",3/7/61,10308
1.77224E+11,D, A030,"Energy XXI GOM, LLC",6/12/90,10191
1.77224E+11,D, C019,"Energy XXI GOM, LLC",12/28/97,15832
1.77224E+11,D, C012,"Energy XXI GOM, LLC",10/22/09,17492
1.77224E+11,D, C010,"Energy XXI GOM, LLC",7/25/83,9622
1.77224E+11,D, C005,"Energy XXI GOM, LLC",6/13/93,6908
1.77224E+11,D, A007,"Energy XXI GOM, LLC",5/17/09,14790
1.77194E+11,D, T026,"Energy XXI GOM, LLC",8/10/00,8308
1.77214E+11,D, A004,"Energy XXI GOM, LLC",8/11/01,12112
1.77174E+11,D, Q036,"Energy XXI GOM, LLC",11/18/85,11914
1.77174E+11,D, K021,"Energy XXI GOM, LLC",3/9/88,8737
1.77154E+11,D, E012,"Arena Offshore, LP",11/3/12,11715
1.77094E+11,D,38,"Arena Offshore, LP",8/18/03,9886
1.77104E+11,D, A012,"Arena Offshore, LP",10/12/75,8019
4.27054E+11,E, E001,"Arena Offshore, LP",8/30/10,7493
1.77094E+11,D, K003,"Arena Offshore, LP",6/8/03,10550
1.7715E+11,D, A006,"Arena Offshore, LP",7/28/96,15680
1.7715E+11,D, B010,"Arena Offshore, LP",10/23/92,10000
1.77154E+11,D, C012,"Arena Offshore, LP",5/30/06,10000
1.77154E+11,D, C012,"Arena Offshore, LP",7/24/93,12704
1.77154E+11,D, C006,"Arena Offshore, LP",5/10/94,15222
1.7715E+11,E,5,"Arena Offshore, LP",1/3/64,5095
1.77154E+11,D, C005,"Arena Offshore, LP",10/28/06,13110
1.77154E+11,D, B006,"Arena Offshore, LP",7/8/15,12306
1.7715E+11,D, A001,"Arena Offshore, LP",9/18/86,14638
1.77154E+11,D, Q008,"Arena Offshore, LP",12/5/97,15931
1.7715E+11,D, Q004,"Arena Offshore, LP",10/15/10,14460
1.7715E+11,D, I003,"Arena Offshore, LP",5/16/66,12991
1.77152E+11,D, J003,"Arena Offshore, LP",3/22/00,7200
1.7715E+11,D, E014,"Arena Offshore, LP",3/29/97,10467
1.7715E+11,D, C019,"Arena Offshore, LP",12/6/96,9090
1.7715E+11,D, C018,"Arena Offshore, LP",11/17/76,8790
1.77154E+11,E,3,"Arena Offshore, LP",4/30/85,9461
1.77154E+11,D,21,"Arena Offshore, LP",1/20/15,12546
1.77154E+11,E,29,"Arena Offshore, LP",3/30/01,11877
1.77154E+11,E, A001,"Arena Offshore, LP",3/3/03,11750
1.77154E+11,D, C002,"Arena Offshore, LP",12/7/00,14300
1.77154E+11,D, E004,"Arena Offshore, LP",2/10/12,14840
1.77154E+11,D, D001,"Arena Offshore, LP",6/28/11,16954
1.77154E+11,D, B018,"Arena Offshore, LP",10/14/06,14822
1.77154E+11,D, B006,"Arena Offshore, LP",4/10/03,15377
1.77254E+11,D, A001,"Arena Offshore, LP",1/26/95,8900
1.77254E+11,E,CA005,"Arena Offshore, LP",2/19/11,10699
4.27034E+11,D, A004,"Arena Offshore, LP",8/27/16,13800
4.27034E+11,E, D001,"Arena Offshore, LP",7/31/06,13911
4.27034E+11,E,4,"Arena Offshore, LP",9/18/82,13415
4.27034E+11,D, A002,"Arena Offshore, LP",8/21/02,8180
1.77184E+11,E, A003,"Arena Offshore, LP",5/19/13,16891
1.77104E+11,D, A012,"Arena Offshore, LP",7/28/14,9965
1.77104E+11,D, A001,"Arena Offshore, LP",8/11/81,9710
1.77104E+11,D, B024,"Arena Offshore, LP",11/23/93,10432
1.77104E+11,D, B004,"Arena Offshore, LP",12/14/82,9785
1.77104E+11,D, B003,"Arena Offshore, LP",5/21/90,10460
1.77104E+11,D, B019,"Arena Offshore, LP",4/9/92,7055
1.77104E+11,D, B022,"Arena Offshore, LP",6/5/83,9505
1.77104E+11,D, B007,"Arena Offshore, LP",6/21/94,8817
1.77104E+11,D, A009,"Arena Offshore, LP",4/16/00,9672
1.77094E+11,E, B001,"Arena Offshore, LP",11/10/91,14597
1.77094E+11,D, I003,"Arena Offshore, LP",9/1/13,12967
1.77094E+11,D, G008,"Arena Offshore, LP",7/3/12,11735
1.7709E+11,D, C003,"Arena Offshore, LP",1/10/04,9805
1.77094E+11,D, H016,"Arena Offshore, LP",8/10/02,13700
1.77094E+11,D, H006,"Arena Offshore, LP",5/15/03,11925
1.77104E+11,D, A013,"Arena Offshore, LP",10/24/16,7715
1.77094E+11,D, F002,"Arena Offshore, LP",2/23/95,11120
1.77094E+11,D, J002,"Arena Offshore, LP",11/7/84,7203
1.77094E+11,D, J005,"Arena Offshore, LP",6/20/02,12176
1.77094E+11,D, C005,"Arena Offshore, LP",9/26/07,13665
1.77094E+11,E,9,"Arena Offshore, LP",3/3/85,12250
1.77084E+11,E,4,Fieldwood Energy Offshore LLC,5/9/74,7432
1.77104E+11,D, A006,Fieldwood Energy Offshore LLC,12/12/77,4787
1.77064E+11,E, A006,Fieldwood Energy Offshore LLC,11/4/06,9103
1.77194E+11,D, D032,Fieldwood Energy Offshore LLC,2/16/86,15770
1.77024E+11,D, B001,Fieldwood Energy Offshore LLC,2/17/90,11764
1.77214E+11,D, B017,Fieldwood Energy Offshore LLC,10/25/92,5670
6.08114E+11,D, A034,Fieldwood Energy Offshore LLC,7/10/95,16386
1.77154E+11,E, A001,Fieldwood Energy Offshore LLC,7/12/13,16313
1.77064E+11,E,5,Fieldwood Energy Offshore LLC,1/6/95,1005
1.77124E+11,D, F001,Fieldwood Energy Offshore LLC,10/30/94,12447
1.77214E+11,D, G013,Fieldwood Energy Offshore LLC,3/18/87,7970
1.77234E+11,D, A003,Fieldwood Energy Offshore LLC,9/2/83,16344
1.77214E+11,D,7,Fieldwood Energy Offshore LLC,4/24/72,7975
1.7709E+11,D, A002,Fieldwood Energy Offshore LLC,6/1/51,4277
1.77194E+11,D, A008,Fieldwood Energy Offshore LLC,10/6/09,9340
1.77192E+11,D, D021,Fieldwood Energy Offshore LLC,12/4/05,15282
1.77192E+11,D, D006,Fieldwood Energy Offshore LLC,5/4/90,16577
1.77192E+11,D, D034,Fieldwood Energy Offshore LLC,1/28/88,14691
1.77192E+11,D, D019,Fieldwood Energy Offshore LLC,8/29/08,14491
1.77194E+11,D, C022,Fieldwood Energy Offshore LLC,10/21/79,1700
1.77192E+11,D, C015,Fieldwood Energy Offshore LLC,12/29/70,13000
1.77192E+11,D, C002,Fieldwood Energy Offshore LLC,12/10/69,12475
1.77194E+11,D, B021,Fieldwood Energy Offshore LLC,3/10/07,12079
1.7719E+11,D, A011,Fieldwood Energy Offshore LLC,2/4/06,13750
1.7719E+11,D, A010,Fieldwood Energy Offshore LLC,6/18/72,19066
1.7719E+11,D, A004,Fieldwood Energy Offshore LLC,6/12/13,12596
1.77192E+11,E,4,Fieldwood Energy Offshore LLC,11/15/72,12450
1.77194E+11,D, D023,Fieldwood Energy Offshore LLC,7/29/76,14050
1.77192E+11,D, D017,Fieldwood Energy Offshore LLC,3/29/08,14490
1.7719E+11,D, A002,Fieldwood Energy Offshore LLC,4/28/10,11797
1.77194E+11,E,3,Fieldwood Energy Offshore LLC,8/8/13,3500
1.77024E+11,D, B005,Fieldwood Energy Offshore LLC,12/1/94,13632
1.77024E+11,D, A008,Fieldwood Energy Offshore LLC,12/10/88,10410
1.77024E+11,D, A003,Fieldwood Energy Offshore LLC,11/2/92,14219
1.77014E+11,D, A001,Fieldwood Energy Offshore LLC,4/27/89,9700
1.77064E+11,D, A005,Fieldwood Energy Offshore LLC,9/24/95,12350
1.77064E+11,E, A004,Fieldwood Energy Offshore LLC,10/29/95,14273
1.77064E+11,E, A001,Fieldwood Energy Offshore LLC,3/5/12,11551
1.77064E+11,E,3,Fieldwood Energy Offshore LLC,11/3/86,6500
1.77064E+11,D, A010,Fieldwood Energy Offshore LLC,2/14/99,8420
1.77064E+11,D, A001,Fieldwood Energy Offshore LLC,2/14/99,9370
1.77054E+11,D, A004,Fieldwood Energy Offshore LLC,11/28/04,7432
1.77154E+11,D, A001,Fieldwood Energy Offshore LLC,10/17/09,10670
1.77124E+11,D, D002,Fieldwood Energy Offshore LLC,2/24/13,15314
1.77124E+11,E,2,Fieldwood Energy Offshore LLC,4/8/73,13510
1.77124E+11,D, F003,Fieldwood Energy Offshore LLC,11/30/94,11996
1.77124E+11,D, E011,Fieldwood Energy Offshore LLC,6/21/82,9701
1.7712E+11,D, A002,Fieldwood Energy Offshore LLC,7/4/63,11741
1.77124E+11,D, A010,Fieldwood Energy Offshore LLC,3/30/10,13886
1.77114E+11,E,3,Fieldwood Energy Offshore LLC,7/7/72,10555
1.77214E+11,D, G018,Fieldwood Energy Offshore LLC,5/9/12,11230
1.77214E+11,D, C013,Fieldwood Energy Offshore LLC,6/8/90,8779
1.77214E+11,D, G031,Fieldwood Energy Offshore LLC,5/15/00,14775
1.7717E+11,D, K003,"Energy XXI GOM, LLC",4/4/57,8500
1.7717E+11,D, P014,"Energy XXI GOM, LLC",11/18/72,9850
1.7717E+11,D, R012,"Energy XXI GOM, LLC",5/30/76,10850
1.77152E+11,D, D022,"Energy XXI GOM, LLC",2/18/99,12300
1.7719E+11,D, R002,"Energy XXI GOM, LLC",8/10/83,11900
1.7715E+11,D,11,"Energy XXI GOM, LLC",9/4/96,12000
1.7717E+11,D, R006,"Energy XXI GOM, LLC",6/8/76,9697
1.77214E+11,D, B004,"Energy XXI GOM, LLC",9/22/98,8195
1.77024E+11,D, B009,"Energy XXI GOM, LLC",6/26/98,11348
1.77054E+11,D, M003,"Energy XXI GOM, LLC",4/18/98,12574
1.7719E+11,D,33,"Energy XXI GOM, LLC",3/9/98,10355
1.77114E+11,D, J006,"Energy XXI GOM, LLC",6/18/98,13578
1.77024E+11,D, B002,"Energy XXI GOM, LLC",1/3/98,12838
1.7715E+11,D,98,"Energy XXI GOM, LLC",10/21/97,10802
1.77154E+11,D, E021,"Energy XXI GOM, LLC",11/24/97,7415
1.77094E+11,D, J002,"Energy XXI GOM, LLC",10/29/97,10510
1.77154E+11,D, G015,"Energy XXI GOM, LLC",11/29/14,6563
1.7715E+11,D,GA056,"Energy XXI GOM, LLC",12/28/09,11900
1.77154E+11,D, G001,"Energy XXI GOM, LLC",6/27/97,5960
1.77154E+11,D, B027,"Energy XXI GOM, LLC",1/24/12,7550
1.77154E+11,D, B043,"Energy XXI GOM, LLC",4/28/12,6738
1.77194E+11,D, E019,"Energy XXI GOM, LLC",8/2/82,13395
1.77194E+11,D, D044,"Energy XXI GOM, LLC",12/23/96,10440
1.77224E+11,D, C004,"Energy XXI GOM, LLC",12/11/96,8279
1.7715E+11,D,99,"Energy XXI GOM, LLC",2/15/11,11846
1.7719E+11,D, A027,"Energy XXI GOM, LLC",1/5/92,9236
1.7719E+11,D, D018,"Energy XXI GOM, LLC",9/19/92,9130
1.7719E+11,D, A003,"Energy XXI GOM, LLC",3/24/63,12609
1.7719E+11,D, S002,"Energy XXI GOM, LLC",4/23/92,11163
1.7715E+11,D, A003,"Energy XXI GOM, LLC",12/2/55,7671
1.7711E+11,D, F009,"Energy XXI GOM, LLC",3/24/10,9957
1.7711E+11,D,8,"Energy XXI GOM, LLC",8/23/12,11029
1.77084E+11,E, C001,"Energy XXI GOM, LLC",5/25/90,14250
6.08104E+11,E,1,"Energy XXI GOM, LLC",1/23/85,15303
1.7717E+11,D, W020,"Energy XXI GOM, LLC",7/25/89,11190
1.77154E+11,D, E010,"Energy XXI GOM, LLC",10/11/10,13867
1.77224E+11,D, B001,"Energy XXI GOM, LLC",11/13/96,15889
1.7715E+11,D,72,"Energy XXI GOM, LLC",6/29/96,11950
1.77054E+11,D, K006,"Energy XXI GOM, LLC",5/28/96,14404
1.7719E+11,D, S010,"Energy XXI GOM, LLC",1/16/88,11484
1.77214E+11,D, D015,"Energy XXI GOM, LLC",12/20/87,11080
1.77074E+11,D, B008,"Energy XXI GOM, LLC",3/10/15,14052
4.27114E+11,D, A010,"Energy XXI GOM, LLC",9/16/00,4495
1.77174E+11,D,SW147,"Energy XXI GOM, LLC",2/6/90,2447
1.7717E+11,D, J021,"Energy XXI GOM, LLC",3/17/61,10360
1.7709E+11,D, E004,"Energy XXI GOM, LLC",9/28/12,13174
1.77044E+11,D, C005,"Energy XXI GOM, LLC",9/10/09,10500
1.77094E+11,D, A017,"Energy XXI GOM, LLC",7/30/13,8926
1.77074E+11,D, F002,"Energy XXI GOM, LLC",3/19/99,13670
1.77154E+11,D, F003,"Energy XXI GOM, LLC",5/23/95,12150
1.77194E+11,D, P039,"Energy XXI GOM, LLC",6/6/95,5300
1.77094E+11,D, C028,"Energy XXI GOM, LLC",3/21/96,13164
4.27094E+11,D, A001,"Energy XXI GOM, LLC",4/5/96,8282
1.77044E+11,E, C014,"Energy XXI GOM, LLC",6/5/09,8075
1.77194E+11,D,8,"Energy XXI GOM, LLC",10/27/94,3521
1.7719E+11,D, C025,"Energy XXI GOM, LLC",5/5/15,9107
1.7719E+11,D, B019,"Energy XXI GOM, LLC",3/12/76,9206
1.77094E+11,D, A003,"Arena Offshore, LP",12/16/00,12757
1.77094E+11,E, A003,"Arena Offshore, LP",7/27/14,13908
1.77094E+11,D, A003,"Arena Offshore, LP",5/4/85,9471
1.77094E+11,E, A002,"Arena Offshore, LP",7/26/14,14264
1.77092E+11,D,22,"Arena Offshore, LP",3/30/71,10232
1.77044E+11,D, A004,"Arena Offshore, LP",9/14/10,6468
1.77054E+11,E,1,"Dynamic Offshore Resources NS, LLC",4/22/07,11500
1.77054E+11,E,BJ006,"Dynamic Offshore Resources NS, LLC",3/26/00,13844
1.77054E+11,E,12,"Dynamic Offshore Resources NS, LLC",9/28/10,13600
1.77054E+11,D,4,"Dynamic Offshore Resources NS, LLC",5/21/72,12150
4.27034E+11,E,1,"Dynamic Offshore Resources NS, LLC",8/27/10,6625
4.27084E+11,D, B002,"Dynamic Offshore Resources NS, LLC",9/11/09,8956
1.77044E+11,D, B011,Fieldwood Energy SP LLC,1/7/91,10473
6.08154E+11,D,8,Fieldwood Energy SP LLC,9/19/91,21844
1.77084E+11,E,1,Fieldwood Energy SP LLC,6/4/05,3125
4.27084E+11,D,1,Fieldwood Energy SP LLC,8/6/99,4952
6.08154E+11,D,4,Fieldwood Energy SP LLC,3/24/04,22274
1.77044E+11,D, B013,Fieldwood Energy SP LLC,12/21/93,9612
1.77014E+11,E,1,Fieldwood Energy SP LLC,7/20/07,10748
1.77214E+11,E,1,Fieldwood Energy SP LLC,9/3/82,10509
1.77194E+11,D, D025,Fieldwood Energy SP LLC,12/28/78,15222
1.77192E+11,D, D015,Fieldwood Energy SP LLC,1/17/89,12334
1.77004E+11,D, C006,Fieldwood Energy SP LLC,10/9/97,7872
1.77004E+11,D, B003,Fieldwood Energy SP LLC,6/26/07,10741
1.77E+11,E,3,Fieldwood Energy SP LLC,8/25/66,9820
1.77E+11,E,2,Fieldwood Energy SP LLC,8/8/66,6330
6.08154E+11,D,8,Fieldwood Energy SP LLC,8/24/12,22103
6.08154E+11,R,4,Fieldwood Energy SP LLC,1/18/96,3650
1.77044E+11,D, B013,Fieldwood Energy SP LLC,10/5/09,9170
1.77044E+11,D, B009,Fieldwood Energy SP LLC,11/13/90,8153
1.77044E+11,D, B002,Fieldwood Energy SP LLC,9/30/09,7603
1.77044E+11,D, A003,Fieldwood Energy SP LLC,5/28/05,8190
1.77044E+11,E,2,Fieldwood Energy SP LLC,2/2/79,8000
6.08174E+11,E,1,Murphy Exploration & Production Company - USA,10/29/15,19646
6.08234E+11,E,1,Murphy Exploration & Production Company - USA,7/9/14,24519
6.08114E+11,D, A008,Murphy Exploration & Production Company - USA,4/30/10,19182
6.08174E+11,E,3,Murphy Exploration & Production Company - USA,11/27/05,6580
6.08174E+11,E,1,Murphy Exploration & Production Company - USA,12/22/02,14200
6.08114E+11,D, A006,Murphy Exploration & Production Company - USA,9/15/06,20110
6.08114E+11,D, A005,Murphy Exploration & Production Company - USA,4/24/05,25939
1.77034E+11,E,1,Murphy Exploration & Production Company - USA,2/4/02,13249
6.08114E+11,E, A002,Murphy Exploration & Production Company - USA,9/3/01,18775
6.08174E+11,E, A004,Murphy Exploration & Production Company - USA,6/25/04,17580
6.08115E+11,D, A001,Murphy Exploration & Production Company - USA,5/24/01,20818
6.08115E+11,D, A001,Murphy Exploration & Production Company - USA,3/13/01,22925
6.08174E+11,D, A001,Murphy Exploration & Production Company - USA,11/18/03,14100
1.77104E+11,E, A001,Murphy Exploration & Production Company - USA,8/6/05,8856
1.77104E+11,E, B003,Murphy Exploration & Production Company - USA,8/3/97,8700
1.77094E+11,E, A002,"Sojitz Energy Venture, Inc.",5/31/17,13802
6.08174E+11,D, A008,"Sojitz Energy Venture, Inc.",9/1/10,19300
6.08174E+11,D, A001,"Sojitz Energy Venture, Inc.",9/9/10,12250
1.77094E+11,E, B005,"Arena Offshore, LP",6/1/15,11200
1.77214E+11,D, D028,Fieldwood Energy Offshore LLC,3/23/82,13732
1.77214E+11,D, D007,Fieldwood Energy Offshore LLC,3/15/84,13200
1.77214E+11,E,1,Fieldwood Energy Offshore LLC,2/4/83,10078
1.77214E+11,D, E006,Fieldwood Energy Offshore LLC,11/27/09,14887
1.77212E+11,D, A024,Fieldwood Energy Offshore LLC,3/26/75,14509
1.77214E+11,D, G029,Fieldwood Energy Offshore LLC,8/20/88,9786
1.77214E+11,D, G004,Fieldwood Energy Offshore LLC,5/9/12,13786
1.77214E+11,D, D033,Fieldwood Energy Offshore LLC,7/5/93,9072
1.77214E+11,D, D033,Fieldwood Energy Offshore LLC,8/14/84,11991
1.77214E+11,D, A029,Fieldwood Energy Offshore LLC,1/15/96,13037
1.77212E+11,D, A014,Fieldwood Energy Offshore LLC,5/15/80,8149
1.77212E+11,E,10,Fieldwood Energy Offshore LLC,9/26/72,13006
1.77234E+11,E, A024,Fieldwood Energy Offshore LLC,9/30/91,8084
1.77234E+11,D, A017,Fieldwood Energy Offshore LLC,5/9/90,7830
1.77234E+11,D, A005,Fieldwood Energy Offshore LLC,4/10/84,8640
1.77234E+11,E,12,Fieldwood Energy Offshore LLC,6/8/75,7597
1.7723E+11,E,1,Fieldwood Energy Offshore LLC,11/4/67,8189
1.77214E+11,D, C003,Fieldwood Energy Offshore LLC,12/14/73,10412
1.77234E+11,D, A001,Fieldwood Energy Offshore LLC,9/14/01,14138
1.77214E+11,D, G026,Fieldwood Energy Offshore LLC,10/4/00,11849
1.77214E+11,D, G024,Fieldwood Energy Offshore LLC,4/26/88,5617
1.77214E+11,D, E028,Fieldwood Energy Offshore LLC,7/5/97,10500
1.77214E+11,D, E024,Fieldwood Energy Offshore LLC,11/24/83,6988
1.77214E+11,D, E019,Fieldwood Energy Offshore LLC,11/28/09,6355
1.77214E+11,D, E014,Fieldwood Energy Offshore LLC,6/23/97,5690
1.77214E+11,D, E002,Fieldwood Energy Offshore LLC,1/2/94,5144
1.77214E+11,D, D032,Fieldwood Energy Offshore LLC,1/14/95,4969
1.77214E+11,D, C009,Fieldwood Energy Offshore LLC,4/17/80,8543
1.77214E+11,D, B023,Fieldwood Energy Offshore LLC,9/17/78,5997
1.77214E+11,D, B020,Fieldwood Energy Offshore LLC,12/2/92,7854
1.77214E+11,D, B012,Fieldwood Energy Offshore LLC,5/26/93,6606
1.77214E+11,D, B010,Fieldwood Energy Offshore LLC,6/12/73,6869
1.77214E+11,D, B006,Fieldwood Energy Offshore LLC,5/12/94,7176
1.77214E+11,D, B002,Fieldwood Energy Offshore LLC,7/21/94,7725
1.77214E+11,D, A036,Fieldwood Energy Offshore LLC,2/24/00,8509
1.77214E+11,D, A033,Fieldwood Energy Offshore LLC,2/29/96,5147
1.77214E+11,E,24,Fieldwood Energy Offshore LLC,2/1/93,679
1.77084E+11,E,8,Fieldwood Energy Offshore LLC,9/16/78,8490
1.77084E+11,E,5,Fieldwood Energy Offshore LLC,2/18/76,7170
1.77254E+11,D, B006,Fieldwood Energy Offshore LLC,7/4/17,7990
4.27094E+11,D, A001,Fieldwood Energy Offshore LLC,5/4/98,11025
4.27094E+11,E,2,Fieldwood Energy Offshore LLC,5/2/81,11160
4.27114E+11,D, A005,Fieldwood Energy Offshore LLC,2/4/94,11492
4.27114E+11,E,4,Fieldwood Energy Offshore LLC,3/1/75,7298
4.27114E+11,E,3,Fieldwood Energy Offshore LLC,2/13/75,10861
6.08114E+11,D, A035,Fieldwood Energy Offshore LLC,8/29/91,14308
6.08114E+11,D, A032,Fieldwood Energy Offshore LLC,4/26/12,13164
6.08114E+11,D, A011,Fieldwood Energy Offshore LLC,1/23/16,14650
6.08114E+11,D, A010,Fieldwood Energy Offshore LLC,2/14/91,13829
6.08114E+11,D, A001,Fieldwood Energy Offshore LLC,12/20/15,13760
6.08114E+11,D, A008,Fieldwood Energy Offshore LLC,12/26/15,14257
4.27064E+11,D, A005,Fieldwood Energy Offshore LLC,9/19/17,13255
1.77094E+11,D,4,Fieldwood Energy Offshore LLC,7/9/11,16387
1.7705E+11,D, A006,"Energy XXI GOM, LLC",6/8/14,9480
1.7711E+11,D, F010,"Energy XXI GOM, LLC",4/6/10,11010
1.77084E+11,E, C003,"Energy XXI GOM, LLC",1/7/02,15751
1.7717E+11,E,2,"Energy XXI GOM, LLC",10/8/69,15434
1.77194E+11,D, B008,"Energy XXI GOM, LLC",5/28/05,14370
1.77194E+11,E,1,"Energy XXI GOM, LLC",5/26/76,13475
1.7719E+11,D, C032,"Energy XXI GOM, LLC",5/25/75,14545
1.7719E+11,D, C027,"Energy XXI GOM, LLC",2/23/86,9590
1.7719E+11,D, C026,"Energy XXI GOM, LLC",1/11/78,10210
1.7719E+11,D, C015,"Energy XXI GOM, LLC",1/6/15,9370
1.7719E+11,D, C004,"Energy XXI GOM, LLC",8/5/14,8731
1.77194E+11,D, G002,"Energy XXI GOM, LLC",3/30/93,12786
1.7719E+11,D, F019,"Energy XXI GOM, LLC",3/10/89,10235
1.7719E+11,D, D013,"Energy XXI GOM, LLC",3/23/76,9975
1.77194E+11,D, F026,"Energy XXI GOM, LLC",8/20/91,10068
1.77192E+11,D, F023,"Energy XXI GOM, LLC",6/3/81,9818
1.7719E+11,D, F015,"Energy XXI GOM, LLC",5/18/79,9800
1.7719E+11,D, F006,"Energy XXI GOM, LLC",5/24/87,8734
1.7719E+11,D, F004,"Energy XXI GOM, LLC",11/16/72,9329
1.77194E+11,D, B038,"Energy XXI GOM, LLC",4/2/86,9848
1.77192E+11,D, B029,"Energy XXI GOM, LLC",8/26/86,8650
1.77192E+11,D, D028,"Energy XXI GOM, LLC",12/30/80,10435
1.77192E+11,D, D027,"Energy XXI GOM, LLC",9/29/69,10103
1.7719E+11,D, D021,"Energy XXI GOM, LLC",4/27/93,8620
1.7719E+11,D, D020,"Energy XXI GOM, LLC",10/23/92,10620
1.7719E+11,D, C021,"Energy XXI GOM, LLC",10/3/14,9780
1.7719E+11,D, C013,"Energy XXI GOM, LLC",12/13/88,9488
1.7719E+11,D, C011,"Energy XXI GOM, LLC",10/13/78,9613
1.7719E+11,D, A026,"Energy XXI GOM, LLC",11/27/77,9630
1.77194E+11,D, E002,"Energy XXI GOM, LLC",11/21/83,10885
1.7719E+11,D, C004,"Energy XXI GOM, LLC",10/19/04,10500
1.7719E+11,D,11,"Energy XXI GOM, LLC",8/6/70,12500
1.7719E+11,D, C015,"Energy XXI GOM, LLC",2/1/65,2510
1.7719E+11,D, H005,"Energy XXI GOM, LLC",11/20/12,9657
1.7719E+11,D, F012,"Energy XXI GOM, LLC",11/19/11,7016
1.7719E+11,D, F001,"Energy XXI GOM, LLC",11/23/11,8794
1.77194E+11,D, E014,"Energy XXI GOM, LLC",12/2/83,7700
1.7719E+11,D, E010,"Energy XXI GOM, LLC",11/17/11,8108
1.7719E+11,D, C006,"Energy XXI GOM, LLC",4/27/98,9009
1.7719E+11,D, C001,"Energy XXI GOM, LLC",5/30/99,11393
1.7719E+11,D, A005,"Energy XXI GOM, LLC",6/26/13,10672
1.77194E+11,D,31,"Energy XXI GOM, LLC",11/22/97,9262
1.7719E+11,D,24,"Energy XXI GOM, LLC",8/24/75,8244
1.7719E+11,D,14,"Energy XXI GOM, LLC",10/23/97,8806
1.77192E+11,D,10,"Energy XXI GOM, LLC",2/15/98,11472
1.7719E+11,D, U006,"Energy XXI GOM, LLC",12/19/93,12100
1.7719E+11,D, U005,"Energy XXI GOM, LLC",12/31/93,9321
1.7719E+11,D, S019,"Energy XXI GOM, LLC",1/26/82,11366
1.7719E+11,D, S016,"Energy XXI GOM, LLC",1/9/92,11247
1.77004E+11,D, A004,"Energy XXI GOM, LLC",4/20/89,8155
1.7719E+11,D, B011,"Energy XXI GOM, LLC",1/24/02,10840
1.7719E+11,D,8,"Energy XXI GOM, LLC",1/24/02,10652
1.7719E+11,D, T016,"Energy XXI GOM, LLC",8/9/92,5952
1.77194E+11,D, P034,"Energy XXI GOM, LLC",11/26/90,4258
1.77194E+11,D, P028,"Energy XXI GOM, LLC",8/16/83,5250
1.7719E+11,D, P012,"Energy XXI GOM, LLC",2/24/63,5168
1.77194E+11,D, J027,"Energy XXI GOM, LLC",10/19/92,7409
1.77044E+11,E,2,Medco Energi US LLC,4/21/17,4344
4.27044E+11,E, A001,Medco Energi US LLC,6/12/12,8208
1.77044E+11,D, A005,Medco Energi US LLC,2/13/06,6480
1.77044E+11,E, A001,Medco Energi US LLC,11/28/89,6614
1.77254E+11,E,6,Medco Energi US LLC,4/5/83,8815
1.77044E+11,D, A002,Medco Energi US LLC,6/20/14,9915
6.08104E+11,E,1,PXP Gulf Coast Inc.,5/8/05,7000
6.08174E+11,E,1,Plains Exploration & Production Company (PXP),7/27/08,15381
1.77284E+11,E,2,Plains Exploration & Production Company (PXP),1/21/09,9200
1.77114E+11,E, C008,"Century Exploration New Orleans, LLC",12/7/14,11307
1.77254E+11,D, B001,"Century Exploration New Orleans, LLC",4/1/13,7400
1.77264E+11,D,2,"Century Exploration New Orleans, LLC",12/13/04,13760
1.77004E+11,D, B001,"Century Exploration New Orleans, LLC",8/28/14,13491
1.77264E+11,D,1,"Century Exploration New Orleans, LLC",5/27/08,12710
1.77114E+11,D, C005,"Century Exploration New Orleans, LLC",11/28/00,9433
1.7711E+11,D, E002,"Century Exploration New Orleans, LLC",7/19/11,6566
1.77014E+11,D, A003,"Century Exploration New Orleans, LLC",5/24/16,8632
1.77114E+11,D, C029,"Century Exploration New Orleans, LLC",2/14/99,2862
1.77114E+11,D, C024,"Century Exploration New Orleans, LLC",2/6/99,4672
1.77114E+11,D, C024,"Century Exploration New Orleans, LLC",1/27/99,4855
1.7711E+11,E,7,"Century Exploration New Orleans, LLC",9/19/15,6817
1.7711E+11,D, H003,"Century Exploration New Orleans, LLC",7/6/65,5640
1.7711E+11,D, H001,"Century Exploration New Orleans, LLC",6/17/65,5211
1.7711E+11,D, E014,"Century Exploration New Orleans, LLC",7/16/11,5887
1.7711E+11,D, C022,"Century Exploration New Orleans, LLC",4/10/84,8246
1.77114E+11,D, B002,"Century Exploration New Orleans, LLC",1/4/94,11520
1.7711E+11,D, A004,"Century Exploration New Orleans, LLC",4/24/56,5863
1.7711E+11,E,4,"Century Exploration New Orleans, LLC",8/5/68,5681
1.77204E+11,D, F009,"Anglo-Suisse Offshore Partners, LLC",8/5/99,15336
1.77204E+11,D, C013,"Anglo-Suisse Offshore Partners, LLC",4/3/14,13815
1.77204E+11,D, D011,"Anglo-Suisse Offshore Partners, LLC",3/9/01,15440
1.77204E+11,D, F014,"Anglo-Suisse Offshore Partners, LLC",11/22/13,12917
1.77204E+11,D, E008,"Anglo-Suisse Offshore Partners, LLC",2/21/11,13081
1.772E+11,D, C001,"Anglo-Suisse Offshore Partners, LLC",4/6/14,10955
1.77204E+11,D, G016,"Anglo-Suisse Offshore Partners, LLC",6/29/09,12056
1.77204E+11,D, G010,"Anglo-Suisse Offshore Partners, LLC",7/21/09,13200
1.77204E+11,D, F001,"Anglo-Suisse Offshore Partners, LLC",9/8/14,8776
1.77204E+11,D, E006,"Anglo-Suisse Offshore Partners, LLC",1/16/11,13951
1.77202E+11,D, E003,"Anglo-Suisse Offshore Partners, LLC",5/23/96,13595
1.77202E+11,D, D007,"Anglo-Suisse Offshore Partners, LLC",6/8/96,13753
1.772E+11,D, C008,"Anglo-Suisse Offshore Partners, LLC",5/9/14,11707
1.772E+11,D, B005,"Anglo-Suisse Offshore Partners, LLC",8/15/66,10441
1.77204E+11,E,4,"Anglo-Suisse Offshore Partners, LLC",2/15/80,11972
1.77194E+11,E,5,"Anglo-Suisse Offshore Partners, LLC",6/20/83,12159
1.77194E+11,E,1,"Anglo-Suisse Offshore Partners, LLC",7/25/81,15457
4.27034E+11,D, D003,"Matagorda Island Gas Operations,LLC",4/13/08,3032
4.27034E+11,D,6,"Matagorda Island Gas Operations,LLC",1/12/04,2400
4.27034E+11,D, C001,"Matagorda Island Gas Operations,LLC",7/10/10,2882
4.27034E+11,E,1,"Matagorda Island Gas Operations,LLC",7/22/83,3748
1.77004E+11,D, A005,"Sojitz Energy Venture, Inc.",5/4/04,9869
1.77044E+11,E, A003,Fieldwood Energy Offshore LLC,11/12/92,11662
1.77034E+11,D, A006,Fieldwood Energy Offshore LLC,7/29/16,11624
1.77034E+11,E,3,Fieldwood Energy Offshore LLC,8/15/72,10976
4.27084E+11,D, B002,"Hilcorp Energy GOM, LLC",8/21/08,15763
4.27044E+11,D,4,"Hilcorp Energy GOM, LLC",8/18/08,8886
1.77024E+11,D, B005,"Hilcorp Energy GOM, LLC",1/6/12,9095
1.77024E+11,D, A019,"Hilcorp Energy GOM, LLC",10/4/89,6410
1.7709E+11,D, F002,"Hilcorp Energy GOM, LLC",1/9/06,10902
1.77024E+11,D, B005,"Hilcorp Energy GOM, LLC",3/25/96,8606
1.7709E+11,D,6,"Hilcorp Energy GOM, LLC",7/26/91,10560
1.77024E+11,D, B008,"Hilcorp Energy GOM, LLC",2/5/96,6062
1.7709E+11,D,9,"Hilcorp Energy GOM, LLC",7/1/95,10620
1.7709E+11,D,4,"Hilcorp Energy GOM, LLC",8/24/83,9800
1.77114E+11,D, C009,ANKOR Energy LLC,2/28/83,6620
1.77114E+11,D, B002,ANKOR Energy LLC,7/12/71,6871
6.08174E+11,D, B005,ANKOR Energy LLC,7/11/05,13788
6.08174E+11,D, B011,ANKOR Energy LLC,7/2/15,10110
1.77064E+11,D, A003,ANKOR Energy LLC,11/26/14,9968
1.77064E+11,D, A006,ANKOR Energy LLC,10/26/14,11500
1.77064E+11,D, A008,ANKOR Energy LLC,10/16/14,10771
1.77094E+11,D, K002,ANKOR Energy LLC,3/26/96,5866
1.77084E+11,D, A011,ANKOR Energy LLC,9/12/09,7945
1.77074E+11,D, A012,ANKOR Energy LLC,7/4/09,12240
1.77084E+11,D, D009,ANKOR Energy LLC,7/7/07,7115
1.77114E+11,D, E002,ANKOR Energy LLC,4/9/05,8180
1.77124E+11,D, A005,ANKOR Energy LLC,10/29/04,8728
1.77124E+11,D, A003,ANKOR Energy LLC,11/13/04,7112
1.77054E+11,D, C004,ANKOR Energy LLC,1/28/04,15406
6.08174E+11,E, B002,ANKOR Energy LLC,12/13/05,11521
6.08174E+11,E, B001,ANKOR Energy LLC,12/26/05,12550
1.77084E+11,D, C009,ANKOR Energy LLC,5/7/09,9380
1.77064E+11,D, A003,ANKOR Energy LLC,7/6/14,4958
1.77084E+11,D, C011,ANKOR Energy LLC,4/17/99,6504
1.77084E+11,D, C010,ANKOR Energy LLC,2/16/99,6409
1.77074E+11,D, B017,ANKOR Energy LLC,6/18/86,8891
1.7707E+11,E,2,ANKOR Energy LLC,1/15/64,7420
1.77074E+11,D, A012,ANKOR Energy LLC,6/13/09,12326
1.77094E+11,D, J009,ANKOR Energy LLC,4/12/98,12032
1.77074E+11,D,8,ANKOR Energy LLC,1/28/97,2705
1.77074E+11,D, B033,ANKOR Energy LLC,12/9/96,8391
1.77114E+11,D, A016,ANKOR Energy LLC,5/18/71,7529
1.77094E+11,D, J007,ANKOR Energy LLC,1/11/14,8710
1.77114E+11,D, B007,ANKOR Energy LLC,11/7/12,14003
1.77124E+11,E,8,ANKOR Energy LLC,1/2/78,7942
1.7705E+11,D, B002,ANKOR Energy LLC,12/23/64,14683
1.7705E+11,D, A002,ANKOR Energy LLC,7/11/70,12464
1.77114E+11,D,12,ANKOR Energy LLC,11/13/82,8227
1.7711E+11,E,2,ANKOR Energy LLC,10/28/64,9572
1.77112E+11,E,5,ANKOR Energy LLC,8/6/69,6998
1.77114E+11,D, C015,ANKOR Energy LLC,8/9/93,5845
1.77114E+11,D, C013,ANKOR Energy LLC,11/25/83,8250
1.77114E+11,D, C003,ANKOR Energy LLC,6/3/17,8739
1.77112E+11,E, A014,ANKOR Energy LLC,12/9/70,10239
1.77112E+11,D, A013,ANKOR Energy LLC,4/9/12,6004
1.77112E+11,D, A003,ANKOR Energy LLC,3/30/12,8230
1.77074E+11,D, B027,ANKOR Energy LLC,8/8/86,9164
1.77072E+11,D, B020,ANKOR Energy LLC,9/23/13,9794
1.7719E+11,D, J014,"Energy XXI GOM, LLC",2/1/76,5267
1.7719E+11,D, J009,"Energy XXI GOM, LLC",1/23/61,5584
1.7719E+11,D, J001,"Energy XXI GOM, LLC",12/16/83,8852
1.7719E+11,D, G017,"Energy XXI GOM, LLC",3/2/73,7040
1.7719E+11,D, G009,"Energy XXI GOM, LLC",4/14/77,12556
1.77194E+11,D, N019,"Energy XXI GOM, LLC",7/6/82,4923
1.7719E+11,D, N002,"Energy XXI GOM, LLC",8/12/63,10500
1.77194E+11,D, L011,"Energy XXI GOM, LLC",3/1/84,6648
1.77194E+11,D, L009,"Energy XXI GOM, LLC",12/13/78,10299
1.77194E+11,D, F023,"Energy XXI GOM, LLC",11/20/00,10544
1.7719E+11,D, F016,"Energy XXI GOM, LLC",5/16/64,6715
1.7719E+11,D, F015,"Energy XXI GOM, LLC",6/16/64,5695
1.7719E+11,D, F007,"Energy XXI GOM, LLC",5/30/62,4552
1.7719E+11,D, E014,"Energy XXI GOM, LLC",4/16/89,10185
1.7719E+11,D, E009,"Energy XXI GOM, LLC",2/12/89,9068
1.7719E+11,D, E008,"Energy XXI GOM, LLC",10/29/97,10315
1.77024E+11,D, A008,"Energy XXI GOM, LLC",8/30/02,5500
1.77E+11,D, A009,"Energy XXI GOM, LLC",6/23/02,8955
1.77054E+11,D,3,"Energy XXI GOM, LLC",6/1/03,10837
1.77154E+11,D, F002,"Energy XXI GOM, LLC",3/11/89,13257
1.7715E+11,D, D006,"Energy XXI GOM, LLC",9/30/64,13817
1.7715E+11,D, D003,"Energy XXI GOM, LLC",9/1/70,13003
1.77154E+11,D, G015,"Energy XXI GOM, LLC",8/20/97,6264
1.77154E+11,D, G006,"Energy XXI GOM, LLC",6/13/97,5641
1.7715E+11,D, D011,"Energy XXI GOM, LLC",2/2/90,13850
1.77154E+11,D, B027,"Energy XXI GOM, LLC",2/14/97,6683
1.7715E+11,D, B012,"Energy XXI GOM, LLC",1/23/68,7425
1.7715E+11,D, B009,"Energy XXI GOM, LLC",4/7/85,13601
1.7715E+11,D, B002,"Energy XXI GOM, LLC",6/30/57,14603
1.77154E+11,D, G023,"Energy XXI GOM, LLC",10/22/95,6697
1.77154E+11,D, G022,"Energy XXI GOM, LLC",2/21/86,7363
1.77154E+11,D, D018,"Energy XXI GOM, LLC",8/23/80,9306
1.77154E+11,D,24,"Energy XXI GOM, LLC",9/25/96,14275
1.77154E+11,D,21,"Energy XXI GOM, LLC",6/21/73,12780
1.7715E+11,D,15,"Energy XXI GOM, LLC",5/29/71,12000
1.7715E+11,D,10,"Energy XXI GOM, LLC",10/9/74,12000
1.7715E+11,D, D002,"Energy XXI GOM, LLC",4/6/81,11295
1.7715E+11,D,111,"Energy XXI GOM, LLC",10/18/10,11515
1.7715E+11,D,98,"Energy XXI GOM, LLC",9/20/97,10817
1.7715E+11,D,90,"Energy XXI GOM, LLC",11/9/96,12800
1.7715E+11,D,84,"Energy XXI GOM, LLC",2/14/11,11150
1.7715E+11,D,73,"Energy XXI GOM, LLC",9/25/81,18000
1.7715E+11,D,71,"Energy XXI GOM, LLC",11/13/06,12378
1.7715E+11,D,65,"Energy XXI GOM, LLC",6/24/88,12112
1.7715E+11,D,64,"Energy XXI GOM, LLC",3/30/91,11500
1.7715E+11,D,38,"Energy XXI GOM, LLC",11/2/09,11900
1.7715E+11,D,19,"Energy XXI GOM, LLC",9/15/12,11780
1.7715E+11,D,14,"Energy XXI GOM, LLC",4/15/91,11900
1.7715E+11,D,12,"Energy XXI GOM, LLC",10/23/96,12567
1.7715E+11,D,1,"Energy XXI GOM, LLC",1/28/07,12242
1.77154E+11,D, F003,"Energy XXI GOM, LLC",2/17/87,11670
1.77154E+11,D, D016,"Energy XXI GOM, LLC",8/6/98,11339
1.77154E+11,D, D014,"Energy XXI GOM, LLC",9/14/95,11196
1.7719E+11,D, J017,"Energy XXI GOM, LLC",6/8/76,4832
1.7715E+11,D, C006,"Energy XXI GOM, LLC",9/23/72,12118
1.7715E+11,D, B003,"Energy XXI GOM, LLC",8/18/81,12413
1.77112E+11,D, I002,"Energy XXI GOM, LLC",3/10/71,11146
1.77094E+11,E,1,Leed Petroleum LLC,11/6/88,15905
6.08114E+11,D,SS002,Eni US Operating Co. Inc.,9/14/13,13322
6.08184E+11,E,1,Eni US Operating Co. Inc.,1/5/10,8772
6.08114E+11,E,1,Eni US Operating Co. Inc.,8/16/11,13110
1.77054E+11,E,1,Eni US Operating Co. Inc.,10/9/07,13293
6.08114E+11,E,1,Eni US Operating Co. Inc.,7/12/07,15860
6.08114E+11,E,5,Eni US Operating Co. Inc.,10/5/04,8294
6.08174E+11,E,SS001,Eni US Operating Co. Inc.,10/13/03,11965
6.08174E+11,D, A004,Eni US Operating Co. Inc.,10/29/04,14044
6.08115E+11,D,3,Eni US Operating Co. Inc.,2/27/10,15032
6.08174E+11,E,SS001,Eni US Operating Co. Inc.,2/23/05,11570
6.08174E+11,E, A003,Eni US Operating Co. Inc.,6/16/04,13836
6.08114E+11,D,1,Eni US Operating Co. Inc.,6/18/00,21700
6.08114E+11,E,2,Eni US Operating Co. Inc.,11/12/00,16750
6.08115E+11,D,5,Eni US Operating Co. Inc.,8/16/00,15500
6.08105E+11,D,2,Eni US Operating Co. Inc.,5/7/05,15511
6.08174E+11,E, A002,Eni US Operating Co. Inc.,8/6/04,15625
6.08174E+11,D, A001,Eni US Operating Co. Inc.,6/20/08,10746
6.08114E+11,E,1,Eni US Operating Co. Inc.,4/3/00,25058
1.77194E+11,D, A021,Eni US Operating Co. Inc.,9/28/17,12830
1.77194E+11,D, A021,Eni US Operating Co. Inc.,4/30/99,11945
6.08105E+11,D,2,Eni US Operating Co. Inc.,2/3/00,15488
1.77164E+11,E,5,Eni US Operating Co. Inc.,11/26/91,12900
1.77194E+11,D, A012,Eni US Operating Co. Inc.,6/20/12,12073
1.77004E+11,D, A002,Eni US Operating Co. Inc.,10/10/98,8869
1.77124E+11,D, F012,Eni US Operating Co. Inc.,3/16/00,2940
1.77124E+11,D, F004,Eni US Operating Co. Inc.,3/16/00,8283
1.77124E+11,E,4,Eni US Operating Co. Inc.,3/6/78,11548
6.08174E+11,D, A008,Eni US Operating Co. Inc.,6/20/08,9135
6.08174E+11,D, A007,Eni US Operating Co. Inc.,6/20/08,10314
6.08174E+11,D, A006,Eni US Operating Co. Inc.,6/20/08,6082
6.08174E+11,D, A004,Eni US Operating Co. Inc.,6/20/08,9945
6.08174E+11,E,2,Eni US Operating Co. Inc.,11/5/89,6240
6.08114E+11,E,1,Eni US Operating Co. Inc.,2/4/85,12061
1.77064E+11,D, D002,"GoMex Energy Offshore, Ltd.",10/25/09,7625
1.77064E+11,E, D014,"GoMex Energy Offshore, Ltd.",4/18/17,8086
1.77014E+11,E, A001,Monforte Exploration L.L.C.,9/16/14,8003
1.77124E+11,D, A021,Monforte Exploration L.L.C.,9/23/78,2986
1.77124E+11,D, A007,Monforte Exploration L.L.C.,1/16/03,7879
1.77124E+11,D, A022,Monforte Exploration L.L.C.,7/2/92,3042
1.77124E+11,D, A016,Monforte Exploration L.L.C.,4/22/08,6695
1.77124E+11,D, A012,Monforte Exploration L.L.C.,12/12/77,6664
1.77124E+11,D, A009,Monforte Exploration L.L.C.,9/23/77,7670
6.08114E+11,E,1,Repsol E&P USA Inc.,10/22/07,10000
6.08114E+11,D,MA001,Marubeni Oil & Gas (USA) LLC,4/16/05,18680
6.08044E+11,E,SS001,Marubeni Oil & Gas (USA) LLC,9/29/04,9510
6.08044E+11,E,SS001,Marubeni Oil & Gas (USA) LLC,2/13/03,7637
6.08174E+11,D,SS003,Marubeni Oil & Gas (USA) LLC,12/20/00,14860
1.77004E+11,D,28,"Hoactzin Partners, L.P.",3/21/04,13002
4.27084E+11,E,1,TDC Energy LLC,8/1/07,9901
1.77054E+11,D, A001,TDC Energy LLC,11/2/07,15242
1.77054E+11,D, A006,TDC Energy LLC,11/1/07,12320
6.08174E+11,E,1,Statoil Gulf of Mexico LLC,9/11/14,31625
1.7708E+11,E,3,ANKOR Energy LLC,1/22/64,3640
1.77074E+11,D, B029,ANKOR Energy LLC,7/6/97,9200
1.77074E+11,D, B026,ANKOR Energy LLC,8/23/86,9133
1.7707E+11,D, A007,ANKOR Energy LLC,3/29/05,11875
1.77094E+11,D, J002,ANKOR Energy LLC,4/28/95,7438
1.77094E+11,D, J001,ANKOR Energy LLC,4/23/88,7187
1.77154E+11,E,1,"Northstar Offshore Energy Partners, LLC",9/18/02,15520
1.77094E+11,D,6,"Northstar Offshore Energy Partners, LLC",8/4/11,13869
1.77014E+11,E, A004,"Hall-Houston Exploration III, L.P.",10/3/13,11324
1.77034E+11,D, C002,"EC Offshore Properties, Inc.",12/15/03,8849
1.7703E+11,D, A004,"EC Offshore Properties, Inc.",10/21/57,10798
1.7703E+11,D, A001,"EC Offshore Properties, Inc.",11/13/57,9750
4.27094E+11,D, B012,"Cox Operating, L.L.C.",8/28/13,7998
6.08164E+11,D, A020,"Cox Operating, L.L.C.",7/30/08,7900
1.77114E+11,D, D001,"Cox Operating, L.L.C.",11/4/87,10406
1.77114E+11,D, B011,"Cox Operating, L.L.C.",6/10/96,2206
1.77054E+11,D, H006,"Cox Operating, L.L.C.",1/19/15,11198
1.77054E+11,D, H005,"Cox Operating, L.L.C.",1/25/15,12048
1.77054E+11,D, F003,"Cox Operating, L.L.C.",5/3/14,9208
1.77074E+11,D,100,"Cox Operating, L.L.C.",5/9/13,10270
1.77114E+11,D, J001,"Cox Operating, L.L.C.",3/18/12,11580
1.77104E+11,D, A020,"Cox Operating, L.L.C.",4/14/12,5490
1.77054E+11,D, C004,"Cox Operating, L.L.C.",2/7/12,15538
1.77074E+11,E,234,"Cox Operating, L.L.C.",7/23/11,21382
1.77114E+11,D, B004,"Cox Operating, L.L.C.",8/13/81,11884
1.77054E+11,D, B008,"Cox Operating, L.L.C.",12/28/10,14007
1.77074E+11,D, C010,"Cox Operating, L.L.C.",10/20/10,12385
1.77104E+11,D, C009,"Cox Operating, L.L.C.",3/20/86,6789
1.77074E+11,E,230,"Cox Operating, L.L.C.",2/26/08,17089
4.27094E+11,D, C001,"Cox Operating, L.L.C.",8/24/81,17195
1.77104E+11,D, C013,"Cox Operating, L.L.C.",6/5/86,5290
1.77084E+11,D, A003,"Cox Operating, L.L.C.",5/8/13,13015
1.77084E+11,D, A003,"Cox Operating, L.L.C.",5/12/06,16772
1.77074E+11,D,198,"Cox Operating, L.L.C.",7/2/10,11900
1.77094E+11,D,11,"Cox Operating, L.L.C.",2/19/06,16331
4.27094E+11,D, D005,"Cox Operating, L.L.C.",3/9/05,12275
4.27094E+11,D, B015,"Cox Operating, L.L.C.",9/2/84,11100
1.77084E+11,D, B002,"Cox Operating, L.L.C.",4/22/92,13995
6.08164E+11,D, A016,"Cox Operating, L.L.C.",11/11/01,9080
6.08164E+11,D, A014,"Cox Operating, L.L.C.",11/6/01,7518
1.77084E+11,D, A003,"Cox Operating, L.L.C.",11/3/01,10990
1.77194E+11,D, A051,"Cox Operating, L.L.C.",10/19/00,10262
4.27094E+11,D, C004,"Cox Operating, L.L.C.",3/27/00,6360
4.27094E+11,D, B017,"Cox Operating, L.L.C.",9/13/96,8780
1.77054E+11,D, B005,"Cox Operating, L.L.C.",10/5/11,10956
1.77054E+11,D, B005,"Cox Operating, L.L.C.",3/1/99,10111
1.77104E+11,D, C009,"Cox Operating, L.L.C.",5/25/13,6607
1.77054E+11,D, B005,"Cox Operating, L.L.C.",2/20/99,9909
1.77104E+11,D, C001,"Cox Operating, L.L.C.",4/28/14,6458
1.7708E+11,D, A003,ANKOR Energy LLC,5/11/83,7850
1.77194E+11,D, A005,"Cox Operating, L.L.C.",11/23/88,15890
1.77114E+11,D, B002,"Cox Operating, L.L.C.",4/2/10,8440
1.77104E+11,D, D016,"Cox Operating, L.L.C.",11/27/92,5513
1.77104E+11,D, C003,"Cox Operating, L.L.C.",7/17/85,8960
1.77104E+11,D, D013,"Cox Operating, L.L.C.",7/8/11,6248
1.77054E+11,D, F008,"Cox Operating, L.L.C.",5/24/97,11524
1.7711E+11,E,1,"Energy XXI GOM, LLC",5/31/66,14313
1.7711E+11,D, H005,"Energy XXI GOM, LLC",2/9/69,11350
1.7711E+11,D, H004,"Energy XXI GOM, LLC",3/16/69,12030
1.7711E+11,D, H001,"Energy XXI GOM, LLC",12/6/68,11316
1.7711E+11,D, F002,"Energy XXI GOM, LLC",11/26/64,11340
1.77114E+11,D, K009,"Energy XXI GOM, LLC",12/14/73,3965
1.77114E+11,D, K006,"Energy XXI GOM, LLC",10/13/99,9117
1.77114E+11,D, J008,"Energy XXI GOM, LLC",12/8/72,12000
1.77114E+11,D, J004,"Energy XXI GOM, LLC",1/29/16,9990
1.7711E+11,D, G007,"Energy XXI GOM, LLC",8/27/68,10917
1.7711E+11,D,23,"Energy XXI GOM, LLC",3/17/07,15296
1.7711E+11,D,9,"Energy XXI GOM, LLC",8/24/93,13691
1.77224E+11,D, A001,"Energy XXI GOM, LLC",6/9/85,9280
1.77224E+11,D, B033,"Energy XXI GOM, LLC",4/29/03,12618
1.77224E+11,D, B017,"Energy XXI GOM, LLC",7/10/87,11050
1.77224E+11,D, A020,"Energy XXI GOM, LLC",5/17/85,10297
1.77224E+11,D, A018,"Energy XXI GOM, LLC",5/30/99,10661
1.77224E+11,D, A002,"Energy XXI GOM, LLC",9/4/00,9800
1.77224E+11,E,3,"Energy XXI GOM, LLC",8/25/72,13355
1.77214E+11,D, D018,"Energy XXI GOM, LLC",11/23/87,10982
1.77214E+11,D, D003,"Energy XXI GOM, LLC",2/25/01,8390
1.77214E+11,D, B009,"Energy XXI GOM, LLC",3/30/98,12352
1.77214E+11,D, B009,"Energy XXI GOM, LLC",2/26/82,12334
1.77224E+11,D, C017,"Energy XXI GOM, LLC",9/23/96,13442
1.77224E+11,D, C008,"Energy XXI GOM, LLC",2/22/06,15914
1.77224E+11,D, A012,"Energy XXI GOM, LLC",11/30/80,5566
1.77214E+11,E,4,"Energy XXI GOM, LLC",6/2/80,11525
1.77214E+11,D, A020,"Energy XXI GOM, LLC",10/18/00,14220
1.77214E+11,D, A012,"Energy XXI GOM, LLC",11/12/83,12970
1.77214E+11,D, A002,"Energy XXI GOM, LLC",5/12/13,12733
1.77214E+11,E,1,"Energy XXI GOM, LLC",2/12/73,14031
1.77214E+11,D, C001,"Energy XXI GOM, LLC",12/31/81,10547
1.77074E+11,E,170,"Energy XXI GOM, LLC",12/20/91,10160
1.77074E+11,E,132,"Energy XXI GOM, LLC",5/16/13,10500
1.77074E+11,E,91,"Energy XXI GOM, LLC",11/20/01,14475
1.77084E+11,D, B007,"Energy XXI GOM, LLC",12/13/09,15800
1.77074E+11,D, D001,"Energy XXI GOM, LLC",8/3/96,13895
1.7707E+11,D, A005,"Energy XXI GOM, LLC",4/3/69,10550
1.7707E+11,E,2,"Energy XXI GOM, LLC",4/11/67,11602
1.77254E+11,D, C021,"Energy XXI GOM, LLC",12/16/86,8455
1.77254E+11,D, B008,"Energy XXI GOM, LLC",2/28/82,9573
1.77254E+11,D, B006,"Energy XXI GOM, LLC",12/21/81,9607
1.77254E+11,D, A008,"Energy XXI GOM, LLC",11/10/02,11607
1.77254E+11,E,3,"Energy XXI GOM, LLC",8/23/77,12507
1.77254E+11,D, C014,"Energy XXI GOM, LLC",10/27/13,10929
1.77254E+11,D, A017,"Energy XXI GOM, LLC",3/5/95,11766
1.77254E+11,D, A015,"Energy XXI GOM, LLC",6/18/13,11022
4.27114E+11,D, A001,"Energy XXI GOM, LLC",10/28/82,7178
4.27114E+11,E,6,"Energy XXI GOM, LLC",8/19/78,10190
4.27114E+11,D, A006,"Energy XXI GOM, LLC",11/11/00,7267
4.27114E+11,D, A004,"Energy XXI GOM, LLC",10/16/10,6460
4.27114E+11,D, A003,"Energy XXI GOM, LLC",10/13/10,8523
1.77194E+11,D, E025,"Energy XXI GOM, LLC",7/5/93,11084
1.7711E+11,D, C002,"Energy XXI GOM, LLC",7/24/63,11369
1.77194E+11,D, E025,"Energy XXI GOM, LLC",4/12/93,14664
1.7719E+11,D, E013,"Energy XXI GOM, LLC",4/15/88,12392
1.7719E+11,D, E007,"Energy XXI GOM, LLC",9/29/72,12360
1.77104E+11,E,2,"Royal Production Company, Inc.",4/10/07,10400
6.08154E+11,E,1,"Royal Production Company, Inc.",7/9/11,3249
6.08174E+11,E,1,Deep Gulf Energy LP,4/30/13,11218
4.27094E+11,D, A003,"Apache Shelf, Inc.",11/22/88,11280
1.77054E+11,D, G001,"Apache Shelf, Inc.",3/23/79,11298
1.77054E+11,E,48,"Apache Shelf, Inc.",8/27/82,10971
1.77064E+11,D, A021,"Apache Shelf, Inc.",6/29/08,15664
1.77104E+11,D, D009,"Apache Shelf, Inc.",5/13/71,8657
1.77004E+11,E, A002,"Apache Shelf, Inc.",11/19/14,21800
4.27084E+11,D, A001,"Apache Shelf, Inc.",1/2/05,15900
1.77054E+11,D,12,"Apache Shelf, Inc.",10/25/94,4280
1.77104E+11,E, D001,"Apache Shelf, Inc.",7/13/03,11242
1.77054E+11,D,12,"Apache Shelf, Inc.",8/12/15,3575
1.77064E+11,D, A002,"Apache Shelf, Inc.",10/1/13,11669
1.77084E+11,E, C003,"Apache Shelf, Inc.",7/20/01,10468
1.77054E+11,D, J002,"Apache Shelf, Inc.",6/25/14,11269
1.77004E+11,E, D004,"Apache Shelf, Inc.",10/9/13,8000
1.77124E+11,D, A003,"Apache Shelf, Inc.",6/15/14,13300
1.77004E+11,E, E001,"Apache Shelf, Inc.",6/16/16,10493
1.77004E+11,E, D002,"Apache Shelf, Inc.",10/9/13,13810
1.77064E+11,E,1,"Apache Shelf, Inc.",11/11/96,16856
1.77054E+11,D, H001,"Apache Shelf, Inc.",5/29/14,8579
1.77094E+11,D, H004,"Apache Shelf, Inc.",7/23/14,6652
1.77102E+11,D, C003,"Apache Shelf, Inc.",3/17/96,4550
1.77024E+11,D, A007,"Apache Shelf, Inc.",9/25/16,11606
1.77004E+11,D,15,"Apache Shelf, Inc.",5/10/78,12658
1.7705E+11,D,3,"Apache Shelf, Inc.",7/11/13,11000
1.77054E+11,E,2,"Apache Shelf, Inc.",12/14/90,15500
1.7705E+11,D, B001,"Apache Shelf, Inc.",8/10/14,15620
1.77054E+11,D, G005,"Apache Shelf, Inc.",10/15/15,14670
1.77054E+11,D, G002,"Apache Shelf, Inc.",10/15/15,13577
1.77052E+11,D, F001,"Apache Shelf, Inc.",7/20/13,11100
1.77052E+11,D, E002,"Apache Shelf, Inc.",7/25/12,6500
1.77054E+11,D,33,"Apache Shelf, Inc.",7/27/12,16772
4.27094E+11,D, A015,"Apache Shelf, Inc.",6/17/14,10502
4.27094E+11,D, B002,"Apache Shelf, Inc.",3/25/96,9600
4.27094E+11,E,1,"Apache Shelf, Inc.",10/4/74,10641
4.27114E+11,E,2,"Apache Shelf, Inc.",5/8/74,7634
1.77104E+11,D, G002,"Apache Shelf, Inc.",5/15/96,7915
1.77102E+11,D, A003,"Apache Shelf, Inc.",6/18/00,4560
1.77104E+11,D, B005,"Apache Shelf, Inc.",6/20/16,5985
1.771E+11,D, A001,"Apache Shelf, Inc.",9/17/84,10480
1.771E+11,E,3,"Apache Shelf, Inc.",7/2/67,8500
1.7711E+11,D,3,"Apache Shelf, Inc.",5/14/79,16200
1.7711E+11,E,2,"Apache Shelf, Inc.",1/25/75,14602
1.77164E+11,E,1,Offshore Shelf LLC,7/7/06,10745
1.77164E+11,E,1,Offshore Shelf LLC,6/22/06,9580
6.08074E+11,E,1,Offshore Shelf LLC,10/6/08,8600
1.77094E+11,E,3,Offshore Shelf LLC,7/26/08,5888
4.27114E+11,E,1,Offshore Shelf LLC,10/31/97,11500
1.77004E+11,D,12,Offshore Shelf LLC,5/3/74,12087
1.7711E+11,D,15,Offshore Shelf LLC,9/1/91,17675
1.7711E+11,D,8,Offshore Shelf LLC,10/24/84,15641
1.7711E+11,D,1,Offshore Shelf LLC,12/22/56,9002
4.27044E+11,D, A002,"Royal Production Company, Inc.",7/20/14,8125
6.08174E+11,R,IW019,Taylor Energy Company LLC,10/31/09,9577
6.08174E+11,D, A017,Taylor Energy Company LLC,12/12/86,6651
1.77114E+11,D, D001,Fieldwood Energy LLC,8/3/07,14103
1.77174E+11,D, B001,Fieldwood Energy LLC,5/24/01,16065
1.77254E+11,D, B033,Fieldwood Energy LLC,6/4/00,11586
1.77074E+11,E, E001,Fieldwood Energy LLC,7/28/10,12075
1.77164E+11,D, A022,Fieldwood Energy LLC,4/20/95,12986
6.08174E+11,D, A031,Fieldwood Energy LLC,5/6/00,12515
1.77004E+11,D, H002,Fieldwood Energy LLC,3/11/00,10238
4.27084E+11,D,1,Fieldwood Energy LLC,4/10/00,11974
1.77254E+11,D, B010,Fieldwood Energy LLC,1/26/15,14040
1.77114E+11,D, A006,Fieldwood Energy LLC,2/22/00,12500
1.77064E+11,D, A015,Fieldwood Energy LLC,5/16/08,9500
1.77154E+11,D, A002,Fieldwood Energy LLC,7/18/16,10647
1.77124E+11,D,5,Fieldwood Energy LLC,10/11/99,2057
1.77002E+11,E,7,Fieldwood Energy LLC,6/10/71,9788
1.77094E+11,E,7,Fieldwood Energy LLC,1/19/09,14252
1.77234E+11,D, C021,Fieldwood Energy LLC,12/23/78,18897
1.77234E+11,D, D024,Fieldwood Energy LLC,12/7/08,9400
4.27114E+11,D, A007,Fieldwood Energy LLC,1/28/83,11000
1.7707E+11,D, B003,Fieldwood Energy LLC,3/31/66,13404
1.77074E+11,D, E008,Fieldwood Energy LLC,3/11/07,15573
1.77044E+11,D,4,Fieldwood Energy LLC,8/28/95,7294
1.77002E+11,D, A006,Fieldwood Energy LLC,6/22/79,8932
1.77064E+11,D, A002,Fieldwood Energy LLC,4/19/00,11508
1.77112E+11,D, B007,Fieldwood Energy LLC,4/1/02,13225
1.77094E+11,D,9,Fieldwood Energy LLC,4/3/08,12500
1.77004E+11,D, F002,Fieldwood Energy LLC,4/6/99,11858
1.77114E+11,D, G001,Fieldwood Energy LLC,7/11/98,11776
1.77194E+11,D, E020,Fieldwood Energy LLC,2/8/98,10063
1.77114E+11,D, A001,Fieldwood Energy LLC,5/1/97,13443
1.77254E+11,D, C002,Fieldwood Energy LLC,7/15/86,8915
1.77092E+11,D, E001,Fieldwood Energy LLC,1/16/11,5657
1.77112E+11,D, A010,Fieldwood Energy LLC,7/14/09,11260
1.77194E+11,D, E001,Fieldwood Energy LLC,1/12/96,13595
1.77104E+11,D, D001,Fieldwood Energy LLC,2/5/96,8687
6.08174E+11,D, A009,Fieldwood Energy LLC,11/22/95,13350
1.77084E+11,D, A015,Fieldwood Energy LLC,9/22/14,9693
1.77094E+11,D,18,Fieldwood Energy LLC,1/1/96,12460
1.77194E+11,D, E011,Fieldwood Energy LLC,3/28/95,7847
1.77254E+11,D, C014,Fieldwood Energy LLC,4/25/85,9090
1.77072E+11,D, B007,Fieldwood Energy LLC,12/3/69,12323
1.77094E+11,D,19,Fieldwood Energy LLC,11/30/13,11621
1.77194E+11,D, E018,Fieldwood Energy LLC,2/20/87,12543
1.77194E+11,D, D014,Fieldwood Energy LLC,12/3/06,16053
1.77192E+11,D, D007,Fieldwood Energy LLC,8/20/01,9095
1.77194E+11,E,2,Fieldwood Energy LLC,11/22/78,15000
1.77004E+11,D, A001,Fieldwood Energy LLC,2/8/09,10623
6.08164E+11,E,1,Fieldwood Energy LLC,3/26/86,11520
1.77154E+11,E,1,Fieldwood Energy LLC,10/10/79,9000
1.77124E+11,D,JA006,Fieldwood Energy LLC,4/24/88,15805
1.77114E+11,D, B024,Fieldwood Energy LLC,1/23/09,12795
1.77114E+11,D, A025,Fieldwood Energy LLC,2/13/08,12046
1.77114E+11,D,4,Fieldwood Energy LLC,5/23/00,9850
1.77114E+11,D, A019,Fieldwood Energy LLC,3/16/97,13000
1.7711E+11,D, A004,Fieldwood Energy LLC,9/6/68,11611
1.7711E+11,D, A006,Fieldwood Energy LLC,5/17/77,9648
1.7711E+11,E,3,Fieldwood Energy LLC,5/7/68,9635
1.7711E+11,E,4,Fieldwood Energy LLC,7/23/07,12156
1.77174E+11,E,3,"Energy XXI GOM, LLC",8/2/82,11077
1.7717E+11,D, W014,"Energy XXI GOM, LLC",8/6/89,10570
1.7717E+11,D, Y007,"Energy XXI GOM, LLC",11/6/67,12992
1.7717E+11,D, Y006,"Energy XXI GOM, LLC",7/28/72,11371
1.7717E+11,D, Y003,"Energy XXI GOM, LLC",1/14/78,11939
1.7717E+11,D, U023,"Energy XXI GOM, LLC",8/19/71,12240
1.77174E+11,D, T043,"Energy XXI GOM, LLC",12/1/86,7420
1.77174E+11,D, T038,"Energy XXI GOM, LLC",12/27/86,6742
1.7717E+11,D, T021,"Energy XXI GOM, LLC",1/7/85,10626
1.7717E+11,D, T014,"Energy XXI GOM, LLC",1/24/85,9910
1.7717E+11,D, T013,"Energy XXI GOM, LLC",6/6/78,10115
1.7717E+11,D, T012,"Energy XXI GOM, LLC",7/1/74,10776
1.7717E+11,D, T008,"Energy XXI GOM, LLC",6/13/80,6353
1.77174E+11,D, J026,"Energy XXI GOM, LLC",12/18/86,6768
1.77174E+11,D,SW131,"Energy XXI GOM, LLC",3/8/90,2273
1.77174E+11,D, W039,"Energy XXI GOM, LLC",12/16/88,11292
1.7717E+11,D, U005,"Energy XXI GOM, LLC",8/13/90,11629
1.7717E+11,D, R009,"Energy XXI GOM, LLC",2/23/69,9881
1.77174E+11,D, Q045,"Energy XXI GOM, LLC",7/2/89,11970
1.7717E+11,D, Q011,"Energy XXI GOM, LLC",10/28/86,8374
1.7717E+11,D, Q008,"Energy XXI GOM, LLC",2/4/62,10700
1.7717E+11,D, P013,"Energy XXI GOM, LLC",3/8/79,11150
1.7717E+11,D, P006,"Energy XXI GOM, LLC",5/6/79,10500
1.7717E+11,D, P003,"Energy XXI GOM, LLC",1/16/13,8890
1.7717E+11,D, N011,"Energy XXI GOM, LLC",6/14/77,11995
1.7717E+11,D, J018,"Energy XXI GOM, LLC",8/1/80,8271
1.77174E+11,D,SW204,"Energy XXI GOM, LLC",1/16/90,2338
1.77174E+11,D, R023,"Energy XXI GOM, LLC",8/25/87,12018
1.77104E+11,D, A005,"Energy XXI GOM, LLC",2/14/79,10275
1.77104E+11,D, A002,"Energy XXI GOM, LLC",12/28/78,6775
1.77104E+11,E,4,"Energy XXI GOM, LLC",4/9/76,10615
1.77104E+11,E,2,"Energy XXI GOM, LLC",10/25/75,7300
1.77094E+11,D, H001,"Energy XXI GOM, LLC",1/23/93,13335
1.7709E+11,D, B018,"Energy XXI GOM, LLC",10/2/96,13070
1.7709E+11,D, B008,"Energy XXI GOM, LLC",2/1/67,12900
1.7709E+11,D, B005,"Energy XXI GOM, LLC",7/15/93,12950
1.7709E+11,D, B003,"Energy XXI GOM, LLC",9/26/66,13365
1.7709E+11,D, A010,"Energy XXI GOM, LLC",2/21/66,13216
1.77094E+11,D, D010,"Energy XXI GOM, LLC",5/16/94,9220
1.77094E+11,D, D010,"Energy XXI GOM, LLC",4/19/94,11560
1.77094E+11,D, D002,"Energy XXI GOM, LLC",4/21/13,8429
1.77094E+11,D, C014,"Energy XXI GOM, LLC",10/28/92,11825
1.77094E+11,D, C012,"Energy XXI GOM, LLC",7/26/95,8430
1.77094E+11,D, A006,"Energy XXI GOM, LLC",7/22/09,13009
1.77094E+11,E,4,"Energy XXI GOM, LLC",10/23/71,10500
1.77094E+11,D, A006,"Energy XXI GOM, LLC",7/8/72,10086
1.7709E+11,D, A005,"Energy XXI GOM, LLC",5/10/14,11703
1.7709E+11,D,11,"Energy XXI GOM, LLC",9/14/99,10005
1.77044E+11,D, B011,"Energy XXI GOM, LLC",4/16/91,8025
1.77044E+11,D, A008,"Energy XXI GOM, LLC",3/20/13,10114
1.77044E+11,D, A007,"Energy XXI GOM, LLC",4/16/13,13614
1.77044E+11,D, B001,"Energy XXI GOM, LLC",9/24/09,10424
1.77154E+11,D, E004,"Energy XXI GOM, LLC",11/23/09,13592
1.7719E+11,D, E001,"Energy XXI GOM, LLC",4/7/89,12000